"ID","Description","GeneRatio","BgRatio","RichFactor","FoldEnrichment","zScore","pvalue","p.adjust","qvalue","geneID","Count"
"GO:0098542","defense response to other organism","68/1210","275/11377",0.247272727272727,2.32497670924117,7.67299728793665,1.37050843479758e-11,2.08728434619671e-08,2.08728434619671e-08,"MACP1/MACP2/NA/AT-SYR1/IGP2/SARD1/ATPSKR1/GLIP1/CRK15/CRK29/CRK31/COI1/DELTA-OAT/IGP4/ATCRY1/NA/LRR/CRK25/BIR1/NSL1/RAP2.7/BZIP45/ATL6/PUB26/NA/PBL34/DTX18/AHL20/NHL25/NA/NA/ATMKK2/LRR4/PBL27/L5/RPS5/ATR4/NA/NA/LTPG5/GGL5/NA/LecRK-IX.1/AtCRT3/AtMLKL1/BIR2/RKF1/LRRAC1/AtLYK4/ATGLR3.6/AtGH3.11/CAR1/MAPKKK5/PBL19/HBI1/SUT1/ILL6/CRK10/NA/ATSOT16/ATNPR1/AtGH3.12/AtCERK1/CRK14/PIP1/LecRK-IX.2/NILR2/AGO5",68
"GO:0009617","response to bacterium","81/1210","365/11377",0.221917808219178,2.08657760670214,7.27888983340507,5.79283457211645e-11,4.41124352666668e-08,4.41124352666668e-08,"ATPLC2/SIK1/LecRK-VII.1/SARD1/ATNRP1/ATPSKR1/GLIP1/CRK15/CRK29/CRK31/ATWRKY51/ABCG14/COI1/DELTA-OAT/ATCRY1/bZIP65/CRK25/BIR1/RD19/CID1/WRKY4/bZIP21/ATWRKY40/ATSPDS3/WIN2/GED1/TGA1/ATL6/CPK28/AHK3/CBP60a/AtSEOR1/PBL34/PDLP6/ADR1-L1/AHL20/DLO1/CBNAC/ATIRE1-2/IBS1/TAO1/ArathEULS3/DSC1/PBL27/AtJAZ1/RPS5/AtPME17/ATR4/KUF1/ATOST1/NA/LTPG5/UGT76B1/MIK2/AtCRT3/NA/BIR2/LRRAC1/SIB1/AtLYK4/AtFAAH/ATSBT5.2/AtDMR6/ATGLR3.6/AtGH3.11/MAPKKK5/GGP/TGA7/RGLG4/CRK10/AtORM1/ATNPR1/AtGH3.12/AtCERK1/CRK14/HAOX1/ZED1/PIP1/ATWRKY48/LecRK-IX.2/HUP35",81
"GO:0042742","defense response to bacterium","69/1210","297/11377",0.232323232323232,2.18441439185241,7.13514963570693,1.95097672964115e-10,9.90445853081157e-08,9.90445853081157e-08,"ATPLC2/SIK1/LecRK-VII.1/SARD1/GLIP1/CRK15/CRK29/CRK31/ATWRKY51/ABCG14/COI1/DELTA-OAT/ATCRY1/CRK25/BIR1/RD19/WRKY4/ATWRKY40/ATSPDS3/WIN2/GED1/TGA1/ATL6/CPK28/AHK3/CBP60a/AtSEOR1/PDLP6/ADR1-L1/AHL20/CBNAC/ATIRE1-2/IBS1/TAO1/ArathEULS3/DSC1/PBL27/AtJAZ1/RPS5/AtPME17/ATR4/KUF1/ATOST1/NA/UGT76B1/AtCRT3/BIR2/LRRAC1/SIB1/AtFAAH/ATSBT5.2/AtDMR6/ATGLR3.6/AtGH3.11/MAPKKK5/GGP/TGA7/RGLG4/CRK10/AtORM1/ATNPR1/AtGH3.12/AtCERK1/CRK14/HAOX1/ZED1/PIP1/ATWRKY48/LecRK-IX.2",69
"GO:0006955","immune response","54/1210","214/11377",0.252336448598131,2.37258824438094,6.99274617567732,8.15993717281425e-10,3.10689607854903e-07,3.10689607854903e-07,"MACP1/MACP2/AT-SYR1/IGP2/ATPSKR1/GLIP1/CRK15/CRK29/CRK31/DELTA-OAT/IGP4/LRR/CRK25/BIR1/NSL1/RAP2.7/PBL34/AHL20/NA/PBL27/RDA2/RPS5/ATR4/CRK26/NA/NA/LTPG5/LecRK-IX.1/NA/AtCRT3/AtMLKL1/BIR2/RKF1/AtLYK4/ATEXO70E2/ATGLR3.6/AtGH3.11/MAPKKK5/NA/PBL19/HBI1/CRK10/ATNPR1/AtGH3.12/AtCERK1/CRK14/ZED1/PIP1/NA/ARK3/LecRK-IX.2/NILR2/B120/AGO5",54
"GO:0002376","immune system process","54/1210","218/11377",0.247706422018349,2.32905451512624,6.83517232519099,1.68122056332795e-09,5.12099783589693e-07,5.12099783589692e-07,"MACP1/MACP2/AT-SYR1/IGP2/ATPSKR1/GLIP1/CRK15/CRK29/CRK31/DELTA-OAT/IGP4/LRR/CRK25/BIR1/NSL1/RAP2.7/PBL34/AHL20/NA/PBL27/RDA2/RPS5/ATR4/CRK26/NA/NA/LTPG5/LecRK-IX.1/NA/AtCRT3/AtMLKL1/BIR2/RKF1/AtLYK4/ATEXO70E2/ATGLR3.6/AtGH3.11/MAPKKK5/NA/PBL19/HBI1/CRK10/ATNPR1/AtGH3.12/AtCERK1/CRK14/ZED1/PIP1/NA/ARK3/LecRK-IX.2/NILR2/B120/AGO5",54
"GO:0006468","protein phosphorylation","61/1210","276/11377",0.221014492753623,2.0780842017008,6.25485486112402,1.68679394062289e-08,4.28164528594778e-06,4.28164528594778e-06,"SIK1/NA/LRK10L3/NA/HAK1/SD2-5/BAM1/NA/MDIS1/APK2B/IGP4/SNRK2-3/NA/ATCRY1/LRR/M3K&#948;5/MDIS2/ATPPCK1/LRK10L2/NA/ATCIPK8/ASG6/ATCDPK3/NA/CKI1/STY46/CPK28/NA/NA/CARK11/NA/ATIRE1-2/ATMKK2/HSL1/PBL27/RDA2/NA/GRACE/NA/ATOST1/WNK4/RAF7/JK224/FER/MIK2/AtMLKL1/BIR2/NA/CBC1/ATCDPK2/MAPKKK5/NA/NA/RLCK/NA/AtCERK1/NA/ATCLV1/CARD1/LecRK-IX.2/NILR2",61
"GO:0016310","phosphorylation","74/1210","367/11377",0.201634877384196,1.89586776859504,6.01830716384576,3.27035504961513e-08,6.23298571138424e-06,6.23298571138424e-06,"SIK1/NA/LRK10L3/NA/HAK1/SD2-5/BAM1/NA/MDIS1/APK2B/IGP4/SNRK2-3/NA/ATCRY1/LRR/NA/M3K&#948;5/MDIS2/ATPPCK1/AKN1/LRK10L2/NA/ATCIPK8/NA/CRCK3/ASG6/ATCDPK3/NA/CKI1/STY46/CPK28/NA/NA/MDS2/AGC2-4/CARK11/NA/ATIRE1-2/NA/NA/CRK42/ATMKK2/HSL1/PBL27/RDA2/NA/GRACE/NA/ATOST1/WNK4/RAF7/JK224/FER/MIK2/AtMLKL1/BIR2/NA/CBC1/ATCDPK2/PBL15/NA/MAPKKK5/NA/AtFKGP/NA/RLCK/NA/ARSK1/AtCERK1/NA/ATCLV1/CARD1/LecRK-IX.2/NILR2",74
"GO:0140546","defense response to symbiont","54/1210","236/11377",0.228813559322034,2.15141476397255,6.16618816454375,3.2740568411736e-08,6.23298571138424e-06,6.23298571138424e-06,"MACP1/MACP2/AT-SYR1/IGP2/SARD1/ATPSKR1/GLIP1/CRK15/CRK29/CRK31/COI1/DELTA-OAT/IGP4/ATCRY1/LRR/CRK25/BIR1/NSL1/RAP2.7/BZIP45/NA/PBL34/AHL20/NA/NA/PBL27/RPS5/ATR4/NA/NA/LTPG5/GGL5/LecRK-IX.1/AtCRT3/AtMLKL1/BIR2/RKF1/AtLYK4/ATGLR3.6/AtGH3.11/MAPKKK5/PBL19/HBI1/ILL6/CRK10/ATSOT16/ATNPR1/AtGH3.12/AtCERK1/CRK14/PIP1/LecRK-IX.2/NILR2/AGO5",54
"GO:0031347","regulation of defense response","49/1210","212/11377",0.231132075471698,2.17321456416654,5.94849467930995,1.01589362413852e-07,1.71911776618107e-05,1.71911776618107e-05,"AT-SYR1/IGP2/SARD1/bHLH059/ATPSKR1/GLIP1/COI1/EVR/IGP4/ATCRY1/BIR1/RAP2.7/WRKY4/ATWRKY40/PLIP2/CPK28/CBP60a/JAZ2/JAO2/PBL34/AHL20/CBNAC/IBS1/PBL27/EDR4/AtJAZ1/A-PTF-1/NA/NA/PPD2/LTPG5/MIK2/JAZ6/AtMLKL1/BIR2/RKF1/NA/ATSBT5.2/ATGLR3.6/AtGH3.11/MAPKKK5/HBI1/ILL6/EDR2/ATNPR1/AtGH3.12/AtCERK1/LecRK-IX.2/NILR2",49
"GO:0045087","innate immune response","44/1210","186/11377",0.236559139784946,2.22424242424242,5.80738360995244,2.25876643490361e-07,3.4401012803582e-05,3.4401012803582e-05,"MACP1/MACP2/AT-SYR1/IGP2/ATPSKR1/GLIP1/CRK15/CRK29/CRK31/DELTA-OAT/IGP4/LRR/CRK25/BIR1/NSL1/RAP2.7/PBL34/AHL20/PBL27/RPS5/ATR4/NA/NA/LTPG5/LecRK-IX.1/AtCRT3/AtMLKL1/BIR2/RKF1/AtLYK4/ATGLR3.6/AtGH3.11/MAPKKK5/PBL19/HBI1/CRK10/ATNPR1/AtGH3.12/AtCERK1/CRK14/PIP1/LecRK-IX.2/NILR2/AGO5",44
"GO:0009611","response to wounding","43/1210","183/11377",0.234972677595628,2.20932574628551,5.68941033919603,3.77470692710119e-07,5.22625331815919e-05,5.22625331815919e-05,"AtFDH1/ATBT2/ATPSKR1/GLIP1/ANAC002/COI1/NA/ATBCB/ABCG11/ATBFRUCT1/AtWIND1/AtNPF6.2/AEP3/ATWRKY40/ANAC037/JAZ2/5[beta]-StR/ACX1/NSH3/ATM4/ARF7/AOS/ATPAL2/ADC2/AtJAZ1/PPD2/JAZ6/AP2C1/ACT7/atnudt8/DAISY/ATGLR3.6/AtGH3.11/CYP94B1/RGLG4/ATCK1/ABCC4/EZA1/ATSOT16/NA/ATNPR1/STZ/HUP35",43
"GO:0001101","response to acid chemical","67/1210","342/11377",0.195906432748538,1.84200618626456,5.45422728536482,4.51694236023402e-07,5.73275267886367e-05,5.73275267886367e-05,"ARF3/AtREM4.2/AHK1/HIS1-3/ATGLR3.2/ABIG1/NLP7/ATGLR2.7/AtATG18a/NF-YB3/AtLtpI-6/AL5/AtbHLH112/SNRK2-3/ATCRY1/RAP2.1/ATPHS2/Dil9-3/RD19/CID1/ADAP/AtWIND1/ALDH10A8/AOD13/CYP707A3/ERD7/CLI1/PIP1;4/ATLAC2/ANNAT4/AHK3/NA/ATNCED5/LDAP1/AtCYP19-1/NA/ATSUS3/ATHVA22E/AtYUC6/ATWRKY57/ATOST1/ATDI21/PDH2/ABA2/SLAH1/NF-YA5/EGR2/ATGLR3.6/ATHB-7/RGLG2/ATMYB2/AtATL78/ATNCED3/ATHB29/SMXL7/AATP1/ABCC4/UBC32/ATCCD1/ATBBD1/AtDRIP2/ATMGL/PIP2;2/RS5/STZ/ABCG40/HUP35",67
"GO:0009414","response to water deprivation","63/1210","316/11377",0.199367088607595,1.87454493147819,5.43900599300913,5.2905677462668e-07,6.19810359812641e-05,6.19810359812641e-05,"ARF3/AtREM4.2/AHK1/HIS1-3/ABIG1/NLP7/AtATG18a/NF-YB3/AtLtpI-6/AL5/AtbHLH112/SNRK2-3/ATCRY1/RAP2.1/ATPHS2/Dil9-3/RD19/CID1/ADAP/AtWIND1/ALDH10A8/CYP707A3/ERD7/CLI1/PIP1;4/ATLAC2/ANNAT4/AHK3/NA/ATNCED5/LDAP1/AtCYP19-1/NA/ATSUS3/ATHVA22E/AtYUC6/ATWRKY57/ATOST1/ATDI21/PDH2/ABA2/SLAH1/NF-YA5/EGR2/ATHB-7/RGLG2/ATMYB2/AtATL78/ATNCED3/ATHB29/SMXL7/AATP1/ABCC4/UBC32/ATCCD1/ATBBD1/AtDRIP2/ATMGL/PIP2;2/RS5/STZ/ABCG40/HUP35",63
"GO:0070542","response to fatty acid","37/1210","150/11377",0.246666666666667,2.3192782369146,5.61101243997678,6.88681237066364e-07,7.49186802894338e-05,7.49186802894338e-05,"AT-SYR1/ATBT2/ATST2A/ATWRKY51/COI1/NA/ACO4/AtUBP12/AtERF#092/AtNPF6.2/WRKY4/AEP3/PIF8/JAZ2/JAO2/NA/NSH3/AOS/NA/ADC2/AtJAZ1/PPD2/JAZ6/ATEBP/ATGLR3.6/AtGH3.11/SSL5/GGP/GRX480/MTP10/ATTS02/RGLG4/ILL6/ATSOT16/ATNPR1/ARR11/ABCG40",37
"GO:0009737","response to abscisic acid","80/1210","442/11377",0.180995475113122,1.7018062151752,5.19170510504772,1.05562150407735e-06,0.000104554873520618,0.000104554873520618,"AtREM4.2/AHUS5/AT-SYR1/ATNRP1/NA/ATBT2/bHLH059/ABIG1/ANAC002/ATPIMT1/CRK29/NA/HSI2/AtbHLH112/SNRK2-3/ABCG11/Dil9-3/AKT2/PP1R3/RHA2A/ADAP/ARF1-BP/AFP3/ATCDPK3/NA/ERD7/STY46/GED1/ANNAT4/BLH1/AHK3/5PTASE2/RAF36/AtMYB78/ATFER2/NF-YC3/ATM4/ZFP4/ATFRD3/FIB/AtCYP19-1/ATPLDDELTA/CAR1/SPHK1/ABI8/PYL8/AIRP2/ATHVA22E/ADC2/ATZFP1/ATOST1/ATDI21/KUA1/ATPUB9/FER/ELO4/PP2A-2/AP2C1/SKOR/MyoB13/NA/ATCDPK2/NF-YA5/PYL9/GER5/ATHB-7/ECT2/ATMYB2/GAS2/MTP10/AATP1/EZA1/ATBBD1/UGT71B6/ELF3/ARR11/ABI1/CIPK3/STZ/ABCG40",80
"GO:0009620","response to fungus","50/1210","235/11377",0.212765957446809,2.00052751890276,5.34653553060474,1.1056261816378e-06,0.000104554873520618,0.000104554873520618,"AT-SYR1/GLIP1/ATWRKY51/COI1/ASMT/AtATG18a/NA/ATHIR1/ACO4/NSL1/ATBFRUCT1/WRKY4/AtTLP7/UMAMIT20/ATWRKY40/GED1/AtC3H20/BLH1/CIPK25/JAO2/ADR1-L1/ACX1/AOS/LACS2/AGAL2/DLO1/NA/PBL27/NA/EDR4/NA/ERF114/AtPME17/ATR4/LTPG5/CBP1/FER/MO1/BIR2/AP2C1/NA/AtRLP52/AtDMR6/SSL5/MAPKKK5/EDR2/ATNPR1/ATBBD1/AtCERK1/AtROS1",50
"GO:0009415","response to water","63/1210","323/11377",0.195046439628483,1.83392011872169,5.24513955360923,1.16706030850329e-06,0.000104554873520618,0.000104554873520618,"ARF3/AtREM4.2/AHK1/HIS1-3/ABIG1/NLP7/AtATG18a/NF-YB3/AtLtpI-6/AL5/AtbHLH112/SNRK2-3/ATCRY1/RAP2.1/ATPHS2/Dil9-3/RD19/CID1/ADAP/AtWIND1/ALDH10A8/CYP707A3/ERD7/CLI1/PIP1;4/ATLAC2/ANNAT4/AHK3/NA/ATNCED5/LDAP1/AtCYP19-1/NA/ATSUS3/ATHVA22E/AtYUC6/ATWRKY57/ATOST1/ATDI21/PDH2/ABA2/SLAH1/NF-YA5/EGR2/ATHB-7/RGLG2/ATMYB2/AtATL78/ATNCED3/ATHB29/SMXL7/AATP1/ABCC4/UBC32/ATCCD1/ATBBD1/AtDRIP2/ATMGL/PIP2;2/RS5/STZ/ABCG40/HUP35",63
"GO:0009753","response to jasmonic acid","36/1210","148/11377",0.243243243243243,2.28708956890775,5.4370102591644,1.38882162197272e-06,0.000117509740570248,0.000117509740570248,"AT-SYR1/ATBT2/ATST2A/ATWRKY51/COI1/NA/AtUBP12/AtERF#092/AtNPF6.2/WRKY4/AEP3/PIF8/JAZ2/JAO2/NA/NSH3/AOS/NA/ADC2/AtJAZ1/PPD2/JAZ6/ATEBP/ATGLR3.6/AtGH3.11/SSL5/GGP/GRX480/MTP10/ATTS02/RGLG4/ILL6/ATSOT16/ATNPR1/ARR11/ABCG40",36
"GO:0097305","response to alcohol","80/1210","450/11377",0.177777777777778,1.67155188246097,5.01448597826084,2.19021542864263e-06,0.000175563057780143,0.000175563057780143,"AtREM4.2/AHUS5/AT-SYR1/ATNRP1/NA/ATBT2/bHLH059/ABIG1/ANAC002/ATPIMT1/CRK29/NA/HSI2/AtbHLH112/SNRK2-3/ABCG11/Dil9-3/AKT2/PP1R3/RHA2A/ADAP/ARF1-BP/AFP3/ATCDPK3/NA/ERD7/STY46/GED1/ANNAT4/BLH1/AHK3/5PTASE2/RAF36/AtMYB78/ATFER2/NF-YC3/ATM4/ZFP4/ATFRD3/FIB/AtCYP19-1/ATPLDDELTA/CAR1/SPHK1/ABI8/PYL8/AIRP2/ATHVA22E/ADC2/ATZFP1/ATOST1/ATDI21/KUA1/ATPUB9/FER/ELO4/PP2A-2/AP2C1/SKOR/MyoB13/NA/ATCDPK2/NF-YA5/PYL9/GER5/ATHB-7/ECT2/ATMYB2/GAS2/MTP10/AATP1/EZA1/ATBBD1/UGT71B6/ELF3/ARR11/ABI1/CIPK3/STZ/ABCG40",80
"GO:0012501","programmed cell death","35/1210","146/11377",0.23972602739726,2.25401901958564,5.26092854049436,2.77462401863889e-06,0.000211287619019352,0.000211287619019352,"MACP1/MACP2/AT-SYR1/BRG3/CRK15/CRK29/CRK31/DELTA-OAT/EVR/ATCRY1/CRK25/BIR1/NRP/NSL1/NRP2/LAZ1/NCA1/BRG1/ATPLDDELTA/ATIRE1-2/L5/RPS5/LecRK-IX.1/AtCRT3/AtMLKL1/ATEBP/NA/ANAC104/CRK10/ATNPR1/AtGH3.12/AtCERK1/CRK14/PLCL1/LecRK-IX.2",35
"GO:0008219","cell death","35/1210","148/11377",0.236486486486486,2.22355930310476,5.16864144064353,3.86134406415891e-06,0.000280039381414953,0.000280039381414953,"MACP1/MACP2/AT-SYR1/BRG3/CRK15/CRK29/CRK31/DELTA-OAT/EVR/ATCRY1/CRK25/BIR1/NRP/NSL1/NRP2/LAZ1/NCA1/BRG1/ATPLDDELTA/ATIRE1-2/L5/RPS5/LecRK-IX.1/AtCRT3/AtMLKL1/ATEBP/NA/ANAC104/CRK10/ATNPR1/AtGH3.12/AtCERK1/CRK14/PLCL1/LecRK-IX.2",35
"GO:0002831","regulation of response to biotic stimulus","37/1210","163/11377",0.226993865030675,2.13430512599503,5.03192878511229,5.74695975420085e-06,0.000380548682854256,0.000380548682854256,"AT-SYR1/IGP2/SARD1/GLIP1/IGP4/ATCRY1/RAP2.7/WRKY4/ATWRKY40/CPK28/CBP60a/JAO2/PBL34/AHL20/CBNAC/IBS1/PBL27/EDR4/NA/NA/LTPG5/AtMLKL1/BIR2/RKF1/NA/ATSBT5.2/ATGLR3.6/AtGH3.11/MAPKKK5/HBI1/ILL6/EDR2/ATNPR1/AtGH3.12/AtCERK1/LecRK-IX.2/NILR2",37
"GO:0032101","regulation of response to external stimulus","37/1210","163/11377",0.226993865030675,2.13430512599503,5.03192878511229,5.74695975420085e-06,0.000380548682854256,0.000380548682854256,"AT-SYR1/IGP2/SARD1/GLIP1/IGP4/ATCRY1/RAP2.7/WRKY4/ATWRKY40/CPK28/CBP60a/JAO2/PBL34/AHL20/CBNAC/IBS1/PBL27/EDR4/NA/NA/LTPG5/AtMLKL1/BIR2/RKF1/NA/ATSBT5.2/ATGLR3.6/AtGH3.11/MAPKKK5/HBI1/ILL6/EDR2/ATNPR1/AtGH3.12/AtCERK1/LecRK-IX.2/NILR2",37
"GO:0009751","response to salicylic acid","30/1210","121/11377",0.247933884297521,2.33119322450652,5.07846900850407,6.85219823471359e-06,0.000434829079644533,0.000434829079644533,"AT-SYR1/ATWRKY1/ATBT2/bHLH059/GLIP1/NA/WAK2/AtMed15a/WRKY4/AEP3/ATWRKY40/NA/DLO1/NHL25/ATIRE1-2/IBS1/EDR4/UGT76B1/ATGSTU7/AtDMR6/NA/SSL5/GRX480/MTP10/DHAR2/EDR2/ATNPR1/ARR11/LecRK-IX.2/ABCG40",30
"GO:0080134","regulation of response to stress","60/1210","320/11377",0.1875,1.76296487603306,4.77586392856298,7.75182736946699e-06,0.000472241323347929,0.000472241323347929,"ARF3/AT-SYR1/IGP2/SARD1/ATKEA3/bHLH059/ATPSKR1/GLIP1/COI1/EVR/IGP4/ATCRY1/SLT1/BIR1/RHA2A/AtC3H27/RAP2.7/WRKY4/ATWRKY40/PLIP2/CPK28/CBP60a/JAZ2/JAO2/PBL34/FHY1/AHL20/LDAP1/CBNAC/IBS1/PBL27/EDR4/AtJAZ1/A-PTF-1/AT-HSFB1/NA/NA/PPD2/LTPG5/MIK2/JAZ6/AtMLKL1/BIR2/RKF1/NA/ATSBT5.2/ATGLR3.6/AtGH3.11/MAPKKK5/RGLG2/HBI1/FDM1/ILL6/EDR2/ATNPR1/AtGH3.12/AtCERK1/ATSPX3/LecRK-IX.2/NILR2",60
"GO:0009636","response to toxic substance","29/1210","118/11377",0.245762711864407,2.3107788205631,4.93755077431906,1.16531558379668e-05,0.000682606013123978,0.000682606013123978,"ATGPX6/ATGSTT1/NA/NA/ALDH10A8/NA/AtHMP45/JAO2/ATGSTU8/DOGT1/DTX18/AtPRX25/NA/ATDTX1/ATGSTU25/ATGSTU18/DIN9/NA/AtGLYI2/NA/ATGSTU7/ATMT3/AtGH3.11/NA/DHAR2/NA/ATGSTZ1/PLCL1/NA",29
"GO:0071396","cellular response to lipid","64/1210","356/11377",0.179775280898876,1.69033336428638,4.56524854269355,1.59027515996814e-05,0.000889298486846619,0.000889298486846619,"AT-SYR1/ATNRP1/NA/ATBT2/ABIG1/ANAC002/ATWRKY51/COI1/ACO4/AtbHLH112/SNRK2-3/AtUBP12/AtIDD2/PP1R3/RHA2A/AtERF#092/ATCDPK3/AHK3/JAZ2/JAO2/RAF36/PBL34/NF-YC3/LAZ1/ZFP4/ATPLDDELTA/CAR1/ATGID1C/SPHK1/BRH1/PYL8/AIRP2/ATZFP1/AtJAZ1/ATOST1/PPD2/ATPUB9/GIS3/FER/ELO4/JAZ6/PP2A-2/AP2C1/HERK1/MyoB13/ATCDPK2/NF-YA5/ATGLR3.6/PYL9/AtGH3.11/ATHB-7/GRX480/D14/MTP10/ATTS02/RGLG4/NA/ATNPR1/ATBBD1/ARR11/ATGID1B/ABI1/CIPK3/ABCG40",64
"GO:1901701","cellular response to oxygen-containing compound","82/1210","489/11377",0.167689161554192,1.57669387686119,4.49693674563996,1.6349545391796e-05,0.000889298486846619,0.000889298486846619,"AT-SYR1/ATWRKY1/ATNRP1/NA/ATBT2/bHLH059/ABIG1/ANAC002/ATWRKY51/COI1/ACO4/AtbHLH112/SNRK2-3/ATCRY1/AtUBP12/AtIDD2/PP1R3/RHA2A/AtERF#092/ALDH10A8/ATCDPK3/ATBZIP9/AHK3/JAZ2/JAO2/RAF36/PBL34/NF-YC3/LAZ1/ZFP4/ATPLDDELTA/CAR1/NHL25/IBS1/ATGID1C/SPHK1/BRH1/PYL8/AIRP2/PBL27/EDR4/ATZFP1/AtJAZ1/ATOST1/PPD2/ATPUB9/ABA2/GIS3/AtGLYI2/FER/UGT76B1/ELO4/JAZ6/PP2A-2/AP2C1/AtLYK4/HERK1/MyoB13/ATCDPK2/NF-YA5/ATGLR3.6/PYL9/AtGH3.11/ATHB-7/GRX480/D14/MTP10/DHAR2/ATTS02/RGLG4/NA/UBC32/ATNPR1/ATBBD1/ARR11/AtCERK1/ATGID1B/ABI1/CIPK3/ATMGL/LecRK-IX.2/ABCG40",82
"GO:0098754","detoxification","25/1210","98/11377",0.255102040816327,2.39859166807219,4.79688979791531,2.32925830841427e-05,0.00122326220817756,0.00122326220817756,"ATGPX6/ATGSTT1/NA/NA/ALDH10A8/NA/AtHMP45/ATGSTU8/DOGT1/DTX18/AtPRX25/NA/ATDTX1/ATGSTU25/ATGSTU18/NA/AtGLYI2/NA/ATGSTU7/ATMT3/NA/DHAR2/NA/ATGSTZ1/NA",25
"GO:0098771","inorganic ion homeostasis","33/1210","148/11377",0.222972972972973,2.09649877149877,4.63190380360178,2.67395513519176e-05,0.00135747789029901,0.00135747789029901,"ATPLC2/ATGLR3.2/ATNHX2/NA/ATGLR2.7/BTS/NA/ATCRY1/bHLH105/ATUBC24/BTSL1/ATMGT10/AtVTL2/CIPK25/ATMT-1/NA/ATFRD3/EAL1/AtNPF7.3/BTSL2/PHO1;H3/ATPHO1/AtCRT3/SKOR/BHLH038/ATMT3/ATGLR3.6/ECT2/AtG3Pp1/ATNRAMP6/ATHMA2/NA/ATFER4",33
"GO:0048584","positive regulation of response to stimulus","41/1210","202/11377",0.202970297029703,1.9084240242206,4.49398475645717,3.26879493612657e-05,0.0016059273186196,0.0016059273186196,"ARF3/SARD1/GLIP1/EVR/SNRK2-3/ATCRY1/SLT1/BG3/BG4/RHA2A/AtC3H27/PLIP2/PBL34/NF-YC3/LDAP1/CBNAC/ATPLDDELTA/CAR1/IBS1/ATGID1C/PYL8/AIRP2/PBL27/ATOST1/NA/LTPG5/MIK2/AtMLKL1/ATCDPK2/ATGLR3.6/AtGH3.11/TCP2/MAPKKK5/NA/DHAR2/HBI1/AtGH3.12/AtCERK1/ATGID1B/ATSPX3/LecRK-IX.2",41
"GO:0006811","monoatomic ion transport","43/1210","216/11377",0.199074074074074,1.87178986838078,4.46249974272596,3.45364340900236e-05,0.00164371840997206,0.00164371840997206,"ATPLC2/ATGLR3.2/ATKEA3/ATNHX2/ATHKT1/ATGLR2.7/AtCOPT5/ATBCB/ATCRY1/KUP8/ARF1-BP/ATCNGC1/BTSL1/PPI1/ATMGT10/ATCLC-E/AHK3/AtHMP45/ATFER2/ATMGT9/MTP8/ATFRD3/ATDTX1/KUP11/MSL6/AtNPF7.3/BTSL2/JK224/COPT6/AVI2/SLAH1/SKOR/ATZIP6/ATMGT1/ATGLR3.6/ATNRAMP6/AHA11/ATKCO5/ACA12/COPT1/ATFER4/ATCHX23/ABCG40",43
"GO:1900424","regulation of defense response to bacterium","14/1210","41/11377",0.341463414634146,3.21060270106833,4.89174456495206,4.86913630000701e-05,0.00224718017724566,0.00224718017724566,"SARD1/ATCRY1/WRKY4/CPK28/CBP60a/AHL20/CBNAC/IBS1/PBL27/BIR2/ATSBT5.2/MAPKKK5/ATNPR1/LecRK-IX.2",14
"GO:0006812","monoatomic cation transport","39/1210","194/11377",0.201030927835052,1.89018914543751,4.31414822018716,6.29755800125578e-05,0.00282093553997428,0.00282093553997428,"ATPLC2/ATGLR3.2/ATKEA3/ATNHX2/ATHKT1/ATGLR2.7/AtCOPT5/ATBCB/KUP8/ARF1-BP/ATCNGC1/BTSL1/PPI1/ATMGT10/AHK3/AtHMP45/ATFER2/ATMGT9/MTP8/ATFRD3/ATDTX1/KUP11/AtNPF7.3/BTSL2/JK224/COPT6/AVI2/SKOR/ATZIP6/ATMGT1/ATGLR3.6/ATNRAMP6/AHA11/ATKCO5/ACA12/COPT1/ATFER4/ATCHX23/ABCG40",39
"GO:0045088","regulation of innate immune response","22/1210","87/11377",0.252873563218391,2.37763845350052,4.44978448041108,8.16147354111993e-05,0.00355140691517876,0.00355140691517876,"AT-SYR1/IGP2/GLIP1/IGP4/RAP2.7/PBL34/AHL20/PBL27/NA/NA/LTPG5/AtMLKL1/BIR2/RKF1/ATGLR3.6/AtGH3.11/MAPKKK5/HBI1/AtGH3.12/AtCERK1/LecRK-IX.2/NILR2",22
"GO:0072329","monocarboxylic acid catabolic process","15/1210","48/11377",0.3125,2.93827479338843,4.64227905764692,8.48529334695409e-05,0.00358975049094752,0.00358975049094752,"ACX3/ATPEX10/ABCD1/ATMFP2/CYP707A3/ACX1/DLO1/PMDH2/ATECI1/PP2A-2/ACX4/AtDMR6/APM2/ATGSTZ1/UGT71B6",15
"GO:0034762","regulation of transmembrane transport","9/1210","20/11377",0.45,4.23111570247934,4.98915228130711,9.54422167649354e-05,0.0039286080035945,0.0039286080035945,"ATGDU2/ATCRY1/ATUBC24/KOC1/ARF1-BP/PPI1/JK224/GDU1/AtGDU4",9
"GO:0016042","lipid catabolic process","22/1210","88/11377",0.25,2.35061983471074,4.38770870911514,9.80750083772168e-05,0.00393074309890793,0.00393074309890793,"ACX3/ATPEX10/ABCD1/GA2ox9/PLD/ATMFP2/CYP707A3/GED1/AtDSEL/ACX1/ATNCED5/ATPLDDELTA/PMDH2/ATECI1/PP2A-2/ACX4/APM2/ATNCED3/ATCCD1/UGT71B6/NA/ATGA2OX4",22
"GO:0010118","stomatal movement","29/1210","132/11377",0.21969696969697,2.06569621838217,4.24846187655493,0.000106661151956067,0.00416525472895102,0.00416525472895102,"AT-SYR1/ATNHX2/NLP7/COI1/ASMT/ATCRY1/M3K&#948;5/AtCOMT/AtIQM1/ATCDPK3/ATSYP22/AIT1/APK1B/ARR2/ATPLDDELTA/FAB1B/ArathEULS3/ATOST1/JK224/FER/CBC1/AtGH3.11/ABCC4/UBC32/ATBBD1/ELF3/ABI1/CARD1/ABCG40",29
"GO:0002682","regulation of immune system process","23/1210","95/11377",0.242105263157895,2.27638973466725,4.30966112962965,0.000116606169239777,0.00433149257932146,0.00433149257932146,"AT-SYR1/IGP2/GLIP1/IGP4/RAP2.7/PBL34/AHL20/PBL27/NA/NA/LTPG5/AtMLKL1/BIR2/RKF1/ATGLR3.6/AtGH3.11/MAPKKK5/HBI1/AtGH3.12/AtCERK1/ZED1/LecRK-IX.2/NILR2",23
"GO:0050776","regulation of immune response","23/1210","95/11377",0.242105263157895,2.27638973466725,4.30966112962965,0.000116606169239777,0.00433149257932146,0.00433149257932146,"AT-SYR1/IGP2/GLIP1/IGP4/RAP2.7/PBL34/AHL20/PBL27/NA/NA/LTPG5/AtMLKL1/BIR2/RKF1/ATGLR3.6/AtGH3.11/MAPKKK5/HBI1/AtGH3.12/AtCERK1/ZED1/LecRK-IX.2/NILR2",23
"GO:0071215","cellular response to abscisic acid stimulus","37/1210","187/11377",0.197860962566845,1.86038361249834,4.09250251502548,0.000135555730851488,0.00480119483922829,0.00480119483922829,"ATNRP1/NA/ATBT2/ABIG1/ANAC002/AtbHLH112/SNRK2-3/PP1R3/RHA2A/ATCDPK3/AHK3/RAF36/NF-YC3/ZFP4/ATPLDDELTA/CAR1/SPHK1/PYL8/AIRP2/ATZFP1/ATOST1/ATPUB9/FER/ELO4/PP2A-2/AP2C1/MyoB13/ATCDPK2/NF-YA5/PYL9/ATHB-7/MTP10/ATBBD1/ARR11/ABI1/CIPK3/ABCG40",37
"GO:0097306","cellular response to alcohol","37/1210","187/11377",0.197860962566845,1.86038361249834,4.09250251502548,0.000135555730851488,0.00480119483922829,0.00480119483922829,"ATNRP1/NA/ATBT2/ABIG1/ANAC002/AtbHLH112/SNRK2-3/PP1R3/RHA2A/ATCDPK3/AHK3/RAF36/NF-YC3/ZFP4/ATPLDDELTA/CAR1/SPHK1/PYL8/AIRP2/ATZFP1/ATOST1/ATPUB9/FER/ELO4/PP2A-2/AP2C1/MyoB13/ATCDPK2/NF-YA5/PYL9/ATHB-7/MTP10/ATBBD1/ARR11/ABI1/CIPK3/ABCG40",37
"GO:0042445","hormone metabolic process","21/1210","84/11377",0.25,2.35061983471074,4.28606908911878,0.00014016474201155,0.0048516114109907,0.0048516114109907,"ARF3/ATPLC2/LOG3/ASMT/ATLOG1/AMI1/AtCOMT/LOG5/AtIAMT1/BKI1/DOGT1/EAL1/AtYUC6/ATCKX5/ATR4/ATIPT3/SPL2/ANT/RGLG2/ILL6/BAS1",21
"GO:0009626","plant-type hypersensitive response","19/1210","73/11377",0.26027397260274,2.44722064983584,4.27928460555543,0.000162726669419853,0.00538766777231382,0.00538766777231382,"MACP1/MACP2/AT-SYR1/CRK15/CRK29/CRK31/DELTA-OAT/CRK25/BIR1/NSL1/RPS5/LecRK-IX.1/AtCRT3/AtMLKL1/CRK10/AtGH3.12/AtCERK1/CRK14/LecRK-IX.2",19
"GO:0034050","symbiont-induced defense-related programmed cell death","19/1210","73/11377",0.26027397260274,2.44722064983584,4.27928460555543,0.000162726669419853,0.00538766777231382,0.00538766777231382,"MACP1/MACP2/AT-SYR1/CRK15/CRK29/CRK31/DELTA-OAT/CRK25/BIR1/NSL1/RPS5/LecRK-IX.1/AtCRT3/AtMLKL1/CRK10/AtGH3.12/AtCERK1/CRK14/LecRK-IX.2",19
"GO:0031349","positive regulation of defense response","20/1210","79/11377",0.253164556962025,2.38037451616278,4.24718089213044,0.000166722003197581,0.00540250235893437,0.00540250235893437,"SARD1/GLIP1/EVR/ATCRY1/PLIP2/PBL34/CBNAC/IBS1/PBL27/NA/LTPG5/MIK2/AtMLKL1/ATGLR3.6/AtGH3.11/MAPKKK5/HBI1/AtGH3.12/AtCERK1/LecRK-IX.2",20
"GO:0030001","metal ion transport","34/1210","169/11377",0.201183431952663,1.89162306225243,4.02857681912989,0.000178943028137261,0.00557699680422467,0.00557699680422467,"ATPLC2/ATGLR3.2/ATNHX2/ATHKT1/ATGLR2.7/AtCOPT5/ATBCB/KUP8/ARF1-BP/ATCNGC1/BTSL1/ATMGT10/AHK3/AtHMP45/ATFER2/ATMGT9/MTP8/ATFRD3/ATDTX1/KUP11/BTSL2/COPT6/AVI2/SKOR/ATZIP6/ATMGT1/ATGLR3.6/ATNRAMP6/ATKCO5/ACA12/COPT1/ATFER4/ATCHX23/ABCG40",34
"GO:0009755","hormone-mediated signaling pathway","78/1210","492/11377",0.158536585365854,1.49063696835315,3.83812988916884,0.000179430626005915,0.00557699680422467,0.00557699680422467,"AT-SYR1/ATNRP1/NA/ATBT2/ARR9/ABIG1/GLIP1/BAM1/ANAC002/TET6/ATWRKY51/ABCG14/COI1/ABCB4/NA/SNRK2-3/LBD4/BG3/ARR6/AtUBP12/BG4/AtIDD2/PP1R3/RHA2A/AtERF#092/AtWIND1/ATCDPK3/NA/AHK3/JAZ2/JAO2/RAF36/NF-YC3/LAZ1/ZFP4/CLE45/anac021/ARR2/ATPLDDELTA/CAR1/ATGID1C/BRH1/PYL8/AIRP2/ATZFP1/AtJAZ1/ATOST1/PPD2/GIS3/FER/MIK2/JAZ6/PP2A-2/AP2C1/ATERF-5/HERK1/MyoB13/ATCDPK2/NF-YA5/ATEBP/ATGLR3.6/PYL9/NA/AtGH3.11/ATHB-7/GRX480/MTP10/ATTS02/RGLG4/NA/ATNPR1/ATBBD1/ARR11/ATGID1B/ABI1/CIPK3/ATERF-9/ABCG40",78
"GO:0050801","monoatomic ion homeostasis","35/1210","176/11377",0.198863636363636,1.86981123215627,4.01184376647001,0.000183530789839385,0.00559034785850765,0.00559034785850765,"ATPLC2/ATGLR3.2/ATNHX2/NA/ATGLR2.7/BTS/NA/ATCRY1/bHLH105/BTSL1/ATMGT10/AtVTL2/ATBOR4/CIPK25/ATMT-1/NA/ATFRD3/EAL1/AtNPF7.3/BTSL2/PHO1;H3/ATSDAT/AtCRT3/SLAH1/SKOR/BHLH038/ATMT3/ATGLR3.6/ATNRAMP6/AHA11/ATHMA2/NA/ATFER4/BOR2/ATCHX23",35
"GO:0046777","protein autophosphorylation","22/1210","92/11377",0.239130434782609,2.24841897233202,4.14757795138892,0.000197263136199177,0.0058630947942416,0.0058630947942416,"SIK1/NA/LRK10L3/SD2-5/ATCRY1/LRR/ATCIPK8/ASG6/ATCDPK3/CKI1/NA/ATIRE1-2/ATOST1/WNK4/JK224/FER/ATCDPK2/MAPKKK5/NA/AtCERK1/ATCLV1/CARD1",22
"GO:0009699","phenylpropanoid biosynthetic process","21/1210","86/11377",0.244186046511628,2.29595425715933,4.1616328181283,0.000200184457846726,0.0058630947942416,0.0058630947942416,"PRX52/ATGPAT5/ASFT/BGLU46/ATBCB/ABCG11/AtCOMT/CEPR1/ATCAD4/CYP84A1/CYP82C4/ABCG29/ATPAL2/ATMYB63/CYP86B1/NA/ALDH1A/DAISY/PBL15/ATTS02/HCT",21
"GO:0140115","export across plasma membrane","15/1210","52/11377",0.288461538461538,2.71225365543547,4.26915313811488,0.000231178426675747,0.00664310837409741,0.00664310837409741,"ATGDU2/ABCG14/ABCB4/NA/NA/NA/DTX18/ATDTX1/NA/GDU1/NA/NA/AtGDU4/NA/NA",15
"GO:0042446","hormone biosynthetic process","13/1210","42/11377",0.30952380952381,2.91029122392759,4.27862799611039,0.000277769453301912,0.00783412735886689,0.00783412735886689,"ATPLC2/LOG3/ASMT/ATLOG1/AMI1/AtCOMT/LOG5/AtIAMT1/BKI1/AtYUC6/ATR4/ATIPT3/ANT",13
"GO:0019748","secondary metabolic process","31/1210","153/11377",0.202614379084967,1.9050775130989,3.8882011674831,0.000297467429791596,0.00823714355586547,0.00823714355586547,"PRX52/ATGPAT5/ASFT/BGLU46/ATBCB/ABCG11/ATGSTT1/AtCOMT/CEPR1/AR2/CLI1/ATCAD4/ATGSTU8/CYP84A1/AtPRX25/CYP82C4/ABCG29/ATPAL2/ATGSTU25/ATGSTU18/ATMYB63/CYP86B1/NA/ATGSTU7/ALDH1A/DAISY/PBL15/ATTS02/ATGSTZ1/ANAC042/HCT",31
"GO:0048878","chemical homeostasis","48/1210","275/11377",0.174545454545455,1.64116003005259,3.71298539620703,0.00036334264839046,0.00988162238390482,0.00988162238390482,"ATPLC2/ATGLR3.2/GH3.17/ATNHX2/NA/NA/ATGLR2.7/BTS/WAK2/NA/ATCRY1/AtIDD2/bHLH105/ATUBC24/BTSL1/ATBZIP9/ATMGT10/AtVTL2/ATBOR4/CIPK25/AtCAT2/ATMT-1/NA/ATFRD3/EAL1/AtNPF7.3/BTSL2/PHO1;H3/ATPHO1/KUA1/ATSDAT/AtCRT3/SLAH1/SKOR/BHLH038/ATMT3/ATGLR3.6/ECT2/AtG3Pp1/ATNRAMP6/AHA11/AtORM1/ATHMA2/NA/BAS1/ATFER4/BOR2/ATCHX23",48
"GO:0055080","monoatomic cation homeostasis","32/1210","162/11377",0.197530864197531,1.85727986940108,3.79115516053028,0.000385971675240678,0.0100724114390648,0.0100724114390648,"ATPLC2/ATGLR3.2/ATNHX2/NA/ATGLR2.7/BTS/NA/ATCRY1/bHLH105/BTSL1/ATMGT10/AtVTL2/CIPK25/ATMT-1/NA/ATFRD3/EAL1/AtNPF7.3/BTSL2/PHO1;H3/ATSDAT/AtCRT3/SKOR/BHLH038/ATMT3/ATGLR3.6/ATNRAMP6/AHA11/ATHMA2/NA/ATFER4/ATCHX23",32
"GO:0016054","organic acid catabolic process","24/1210","109/11377",0.220183486238532,2.07027068011221,3.87324102356283,0.000392936605249792,0.0100724114390648,0.0100724114390648,"ACX3/ATPEX10/GAD4/ABCD1/DELTA-OAT/GA2ox9/ATMFP2/CYP707A3/LKR/ACX1/DLO1/ATPAL2/PMDH2/PDH2/CYCLASE2/ATECI1/PP2A-2/ACX4/AtDMR6/APM2/ATGSTZ1/UGT71B6/ATMGL/ATGA2OX4",24
"GO:0046395","carboxylic acid catabolic process","24/1210","109/11377",0.220183486238532,2.07027068011221,3.87324102356283,0.000392936605249792,0.0100724114390648,0.0100724114390648,"ACX3/ATPEX10/GAD4/ABCD1/DELTA-OAT/GA2ox9/ATMFP2/CYP707A3/LKR/ACX1/DLO1/ATPAL2/PMDH2/PDH2/CYCLASE2/ATECI1/PP2A-2/ACX4/AtDMR6/APM2/ATGSTZ1/UGT71B6/ATMGL/ATGA2OX4",24
"GO:0042592","homeostatic process","53/1210","313/11377",0.169329073482428,1.59211311488395,3.66447557062733,0.000396812006791786,0.0100724114390648,0.0100724114390648,"ATPLC2/ATGLR3.2/GH3.17/ATNHX2/NA/CBSX1/NA/ATGLR2.7/BTS/WAK2/NA/ATCRY1/CcdA/AtIDD2/bHLH105/ATUBC24/BTSL1/ATBZIP9/ATMGT10/AtVTL2/ATBOR4/ACHT4/CIPK25/AtCAT2/ATMT-1/NA/SCR/ATFRD3/EAL1/AtNPF7.3/BTSL2/PHO1;H3/ATPHO1/KUA1/ATSDAT/AtCRT3/SLAH1/SKOR/BHLH038/ATMT3/ATGLR3.6/ECT2/AtG3Pp1/ATNRAMP6/AHA11/ATGR1/AtORM1/ATHMA2/NA/BAS1/ATFER4/BOR2/ATCHX23",53
"GO:0010150","leaf senescence","27/1210","129/11377",0.209302325581395,1.96796079185086,3.81422257759235,0.000416953667325819,0.010410171071102,0.010410171071102,"AtATG18a/AT-TCP20/ARF1-BP/AEP3/NA/PGM48/AHK3/CIPK25/ATWRKY28/FAR1/DLO1/ARR2/AtNPF7.3/AT-RSH3/ATGLK1/A-PTF-1/KUA1/UGT76B1/AtWRKY22/AtDMR6/CLE14/AtOCT1/ATSRG1/AtORM1/EDR2/EZA1/ANAC042",27
"GO:0010200","response to chitin","7/1210","15/11377",0.466666666666667,4.38782369146005,4.52928973353274,0.000450357910029959,0.0109504468303167,0.0109504468303167,"BRH1/PBL27/AtLYK4/AtRLP52/NA/AtCERK1/STZ",7
"GO:0009698","phenylpropanoid metabolic process","24/1210","110/11377",0.218181818181818,2.05145003756574,3.82271482981993,0.000452973178141794,0.0109504468303167,0.0109504468303167,"PRX52/ATGPAT5/ASFT/BGLU46/ATBCB/ABCG11/AtCOMT/CEPR1/AR2/CLI1/ATCAD4/CYP84A1/AtPRX25/CYP82C4/ABCG29/ATPAL2/ATMYB63/CYP86B1/NA/ALDH1A/DAISY/PBL15/ATTS02/HCT",24
"GO:0009738","abscisic acid-activated signaling pathway","32/1210","164/11377",0.195121951219512,1.83463011489619,3.71403616890581,0.00048380539910209,0.0115130566067575,0.0115130566067575,"ATNRP1/NA/ATBT2/ABIG1/ANAC002/SNRK2-3/PP1R3/RHA2A/ATCDPK3/RAF36/NF-YC3/ZFP4/ATPLDDELTA/CAR1/PYL8/AIRP2/ATZFP1/ATOST1/FER/PP2A-2/AP2C1/MyoB13/ATCDPK2/NF-YA5/PYL9/ATHB-7/MTP10/ATBBD1/ARR11/ABI1/CIPK3/ABCG40",32
"GO:0044550","secondary metabolite biosynthetic process","22/1210","98/11377",0.224489795918367,2.11076066790352,3.80968701403489,0.000509852863328651,0.0119462447823005,0.0119462447823005,"PRX52/ATGPAT5/ASFT/BGLU46/ATBCB/ABCG11/AtCOMT/CEPR1/ATCAD4/CYP84A1/CYP82C4/ABCG29/ATPAL2/ATMYB63/CYP86B1/NA/ALDH1A/DAISY/PBL15/ATTS02/ANAC042/HCT",22
"GO:0071456","cellular response to hypoxia","31/1210","158/11377",0.19620253164557,1.84479025002615,3.68885366597867,0.000533386501754625,0.0120062803457595,0.0120062803457595,"ANAC002/BTS/ATBCB/ATSUS4/NRP/CID1/RGAT1/CYP707A3/FLZ8/AtHMP43/STY46/ATHSFA2/DOGT1/LDAP1/CBSX5/atnudt4/NA/SCL13/NA/NA/ATPSK3/NA/CBP1/AtWRKY22/NA/ATHSP101/AtDMR6/CML39/STZ/HUP54/HUP35",31
"GO:0046618","xenobiotic export from cell","10/1210","29/11377",0.344827586206897,3.24223425477344,4.17072335057869,0.000536065044984664,0.0120062803457595,0.0120062803457595,"NA/NA/NA/DTX18/ATDTX1/NA/NA/NA/NA/NA",10
"GO:1990961","xenobiotic detoxification by transmembrane export across the plasma membrane","10/1210","29/11377",0.344827586206897,3.24223425477344,4.17072335057869,0.000536065044984664,0.0120062803457595,0.0120062803457595,"NA/NA/NA/DTX18/ATDTX1/NA/NA/NA/NA/NA",10
"GO:0050832","defense response to fungus","33/1210","172/11377",0.191860465116279,1.80396405919662,3.66510138203039,0.000544926960281198,0.0120278805870763,0.0120278805870763,"AT-SYR1/GLIP1/ATWRKY51/COI1/ASMT/AtATG18a/ATBFRUCT1/WRKY4/ATWRKY40/GED1/AtC3H20/CIPK25/JAO2/ADR1-L1/AOS/LACS2/NA/PBL27/EDR4/ERF114/ATR4/LTPG5/CBP1/FER/BIR2/AP2C1/NA/AtRLP52/MAPKKK5/EDR2/ATNPR1/ATBBD1/AtROS1",33
"GO:0001666","response to hypoxia","34/1210","180/11377",0.188888888888889,1.77602387511478,3.62035836256838,0.000607136650006009,0.0132095588279879,0.0132095588279879,"ANAC002/BTS/ATBCB/ATSUS4/NRP/CID1/RGAT1/CYP707A3/FLZ8/AtHMP43/STY46/CIPK25/ATHSFA2/DOGT1/LDAP1/CBSX5/atnudt4/NA/SCL13/NA/NA/ATPSK3/NA/CBP1/AtWRKY22/NA/ATHSP101/AtDMR6/ATEBP/ATNPR1/CML39/STZ/HUP54/HUP35",34
"GO:0036294","cellular response to decreased oxygen levels","31/1210","160/11377",0.19375,1.82173037190083,3.61112095689269,0.000666534446528573,0.014099055028653,0.014099055028653,"ANAC002/BTS/ATBCB/ATSUS4/NRP/CID1/RGAT1/CYP707A3/FLZ8/AtHMP43/STY46/ATHSFA2/DOGT1/LDAP1/CBSX5/atnudt4/NA/SCL13/NA/NA/ATPSK3/NA/CBP1/AtWRKY22/NA/ATHSP101/AtDMR6/CML39/STZ/HUP54/HUP35",31
"GO:0071453","cellular response to oxygen levels","31/1210","160/11377",0.19375,1.82173037190083,3.61112095689269,0.000666534446528573,0.014099055028653,0.014099055028653,"ANAC002/BTS/ATBCB/ATSUS4/NRP/CID1/RGAT1/CYP707A3/FLZ8/AtHMP43/STY46/ATHSFA2/DOGT1/LDAP1/CBSX5/atnudt4/NA/SCL13/NA/NA/ATPSK3/NA/CBP1/AtWRKY22/NA/ATHSP101/AtDMR6/CML39/STZ/HUP54/HUP35",31
"GO:0008300","isoprenoid catabolic process","7/1210","16/11377",0.4375,4.1135847107438,4.29935654384692,0.000727489936928977,0.0151776325197648,0.0151776325197648,"GA2ox9/CYP707A3/ATNCED5/ATNCED3/ATCCD1/UGT71B6/ATGA2OX4",7
"GO:0019760","glucosinolate metabolic process","13/1210","46/11377",0.282608695652174,2.65722242184693,3.8852293577523,0.000739699324763831,0.0152213256491216,0.0152213256491216,"ATSOT17/AOP/CYP79A2/bHLH105/AKN1/ZFP4/ATR4/GIS3/MIK2/ANT/WRKY21/ATSOT16/ATERF-9",13
"GO:0006560","L-proline metabolic process","6/1210","12/11377",0.5,4.70123966942149,4.42531486231752,0.000749572832359893,0.0152213256491216,0.0152213256491216,"ATMBAC2/DELTA-OAT/AtbHLH112/PDH2/ABA2/ANAC042",6
"GO:0090693","plant organ senescence","27/1210","134/11377",0.201492537313433,1.8945294190206,3.59332903815512,0.000777394049426676,0.0155785675957477,0.0155785675957477,"AtATG18a/AT-TCP20/ARF1-BP/AEP3/NA/PGM48/AHK3/CIPK25/ATWRKY28/FAR1/DLO1/ARR2/AtNPF7.3/AT-RSH3/ATGLK1/A-PTF-1/KUA1/UGT76B1/AtWRKY22/AtDMR6/CLE14/AtOCT1/ATSRG1/AtORM1/EDR2/EZA1/ANAC042",27
"GO:0036293","response to decreased oxygen levels","34/1210","183/11377",0.185792349726776,1.7469087296211,3.51391695892895,0.000824203309081827,0.0163020992172938,0.0163020992172938,"ANAC002/BTS/ATBCB/ATSUS4/NRP/CID1/RGAT1/CYP707A3/FLZ8/AtHMP43/STY46/CIPK25/ATHSFA2/DOGT1/LDAP1/CBSX5/atnudt4/NA/SCL13/NA/NA/ATPSK3/NA/CBP1/AtWRKY22/NA/ATHSP101/AtDMR6/ATEBP/ATNPR1/CML39/STZ/HUP54/HUP35",34
"GO:0140352","export from cell","23/1210","108/11377",0.212962962962963,2.00237985919804,3.61070980385345,0.000842596304652706,0.0164522329741804,0.0164522329741804,"SEC10/AT-SYR1/ATGDU2/ABCG14/ABCB4/NA/NA/ATRMA1/NA/ATEXO70C1/DTX18/ATSEC8/ATDTX1/NA/GDU1/NA/ATEXO70E2/NA/AtGDU4/NA/KEU/ATEXO70H7/NA",23
"GO:0070482","response to oxygen levels","34/1210","184/11377",0.184782608695652,1.73741466043838,3.47887233955337,0.000910367726279388,0.017550506925614,0.017550506925614,"ANAC002/BTS/ATBCB/ATSUS4/NRP/CID1/RGAT1/CYP707A3/FLZ8/AtHMP43/STY46/CIPK25/ATHSFA2/DOGT1/LDAP1/CBSX5/atnudt4/NA/SCL13/NA/NA/ATPSK3/NA/CBP1/AtWRKY22/NA/ATHSP101/AtDMR6/ATEBP/ATNPR1/CML39/STZ/HUP54/HUP35",34
"GO:0009863","salicylic acid mediated signaling pathway","13/1210","47/11377",0.276595744680851,2.60068577457359,3.79342170203832,0.000924527359259897,0.0176006896019103,0.0176006896019103,"AT-SYR1/ATWRKY1/bHLH059/NHL25/IBS1/EDR4/UGT76B1/GRX480/MTP10/DHAR2/ATNPR1/ARR11/LecRK-IX.2",13
"GO:0042908","xenobiotic transport","10/1210","31/11377",0.32258064516129,3.03305785123967,3.91021159465958,0.000973879579260722,0.018311340731038,0.018311340731038,"NA/NA/NA/DTX18/ATDTX1/NA/NA/NA/NA/NA",10
"GO:0019725","cellular homeostasis","36/1210","200/11377",0.18,1.69244628099174,3.40823494126608,0.00107236099627819,0.0199171438698986,0.0199171438698986,"ATPLC2/ATGLR3.2/GH3.17/ATNHX2/CBSX1/ATGLR2.7/BTS/WAK2/ATCRY1/CcdA/bHLH105/BTSL1/ATBZIP9/AtVTL2/ACHT4/CIPK25/AtCAT2/ATMT-1/NA/SCR/ATFRD3/BTSL2/PHO1;H3/ATPHO1/KUA1/ATSDAT/SLAH1/BHLH038/ATMT3/ATGLR3.6/ATNRAMP6/AHA11/ATGR1/AtORM1/ATHMA2/NA",36
"GO:0071398","cellular response to fatty acid","19/1210","84/11377",0.226190476190476,2.12675127902401,3.57564260796164,0.0010877424838391,0.019959419311891,0.019959419311891,"AT-SYR1/ATWRKY51/COI1/ACO4/AtUBP12/AtERF#092/JAZ2/JAO2/AtJAZ1/PPD2/JAZ6/ATGLR3.6/AtGH3.11/GRX480/MTP10/ATTS02/RGLG4/ATNPR1/ARR11",19
"GO:0009808","lignin metabolic process","14/1210","54/11377",0.259259259259259,2.43767982858892,3.65316569472479,0.00119786432567512,0.021648024224825,0.021648024224825,"PRX52/BGLU46/ATBCB/AtCOMT/CEPR1/CLI1/ATCAD4/CYP84A1/AtPRX25/ABCG29/ATMYB63/PBL15/ATTS02/HCT",14
"GO:0015698","inorganic anion transport","16/1210","66/11377",0.242424242424242,2.2793889306286,3.59596222174408,0.00120819570525944,0.021648024224825,0.021648024224825,"PHO1;H1/NPF5.10/AtNPF1.2/ATUBC24/CEPR1/AtNPF2.13/AST56/ATCLC-E/NA/ATBOR4/AtNPF7.3/PHT5;3/PHT1;5/PHO1;H3/ATPHO1/SLAH1",16
"GO:0006635","fatty acid beta-oxidation","10/1210","32/11377",0.3125,2.93827479338843,3.78773120669131,0.00128332407418739,0.0227158788471221,0.0227158788471221,"ACX3/ATPEX10/ABCD1/ATMFP2/ACX1/PMDH2/ATECI1/PP2A-2/ACX4/APM2",10
"GO:0006873","intracellular monoatomic ion homeostasis","24/1210","118/11377",0.203389830508475,1.91236867908671,3.43678628859273,0.00129762407071544,0.0227158788471221,0.0227158788471221,"ATPLC2/ATGLR3.2/ATNHX2/ATGLR2.7/BTS/ATCRY1/bHLH105/BTSL1/AtVTL2/CIPK25/ATMT-1/NA/ATFRD3/BTSL2/PHO1;H3/ATSDAT/SLAH1/BHLH038/ATMT3/ATGLR3.6/ATNRAMP6/AHA11/ATHMA2/NA",24
"GO:0002833","positive regulation of response to biotic stimulus","17/1210","73/11377",0.232876712328767,2.18961847616891,3.51758111807717,0.00138982756120095,0.0234300166430219,0.0234300166430219,"SARD1/GLIP1/ATCRY1/PBL34/CBNAC/IBS1/PBL27/NA/LTPG5/AtMLKL1/ATGLR3.6/AtGH3.11/MAPKKK5/HBI1/AtGH3.12/AtCERK1/LecRK-IX.2",17
"GO:0006869","lipid transport","17/1210","73/11377",0.232876712328767,2.18961847616891,3.51758111807717,0.00138982756120095,0.0234300166430219,0.0234300166430219,"ABCA1/ALA9/ABCA8/ALA4/AtLtpI-6/ABCD1/AtTED4/ABCG11/GLTP/ABCA7/AIT1/ABCA2/LTPG15/LTPG5/GLTP3/ATTS02/ABCG40",17
"GO:0032103","positive regulation of response to external stimulus","17/1210","73/11377",0.232876712328767,2.18961847616891,3.51758111807717,0.00138982756120095,0.0234300166430219,0.0234300166430219,"SARD1/GLIP1/ATCRY1/PBL34/CBNAC/IBS1/PBL27/NA/LTPG5/AtMLKL1/ATGLR3.6/AtGH3.11/MAPKKK5/HBI1/AtGH3.12/AtCERK1/LecRK-IX.2",17
"GO:0042594","response to starvation","29/1210","153/11377",0.189542483660131,1.78216928644736,3.36018903212075,0.00139995503251149,0.0234300166430219,0.0234300166430219,"PHO1;H1/ANAC100/AtATG18a/BTS/ATSUS4/ATUBC24/CEPR1/ATPAH2/CCT101/FLZ8/AHK3/ATFRD3/MRF2/ASN1/ATWRKY6/BTSL2/LPR1/PHO1;H3/ATPHO1/NA/ATATG18G/BHLH038/ATEBP/ATDUR3/ATMYB2/ATNRAMP6/ATMGL/ATPAP10/ATSPX3",29
"GO:0030003","intracellular monoatomic cation homeostasis","23/1210","112/11377",0.205357142857143,1.93086629279811,3.41524436085004,0.001416591895535,0.0234507549663022,0.0234507549663022,"ATPLC2/ATGLR3.2/ATNHX2/ATGLR2.7/BTS/ATCRY1/bHLH105/BTSL1/AtVTL2/CIPK25/ATMT-1/NA/ATFRD3/BTSL2/PHO1;H3/ATSDAT/BHLH038/ATMT3/ATGLR3.6/ATNRAMP6/AHA11/ATHMA2/NA",23
"GO:0002239","response to oomycetes","15/1210","61/11377",0.245901639344262,2.31208508332204,3.54463491777347,0.00145702034981509,0.0238606665889073,0.0238606665889073,"LecRK-VII.1/SARD1/ATBCB/RAF36/DTX18/DLO1/IBS1/ATMKK2/NA/LTPG5/LecRK-IX.1/UGT76B1/AtDMR6/LecRK-IX.2/ABCG40",15
"GO:0055082","intracellular chemical homeostasis","31/1210","168/11377",0.18452380952381,1.73498130657222,3.3108428304859,0.00153518578125821,0.0248732760091091,0.0248732760091091,"ATPLC2/ATGLR3.2/GH3.17/ATNHX2/ATGLR2.7/BTS/WAK2/ATCRY1/bHLH105/BTSL1/ATBZIP9/AtVTL2/CIPK25/AtCAT2/ATMT-1/NA/ATFRD3/BTSL2/PHO1;H3/ATPHO1/KUA1/ATSDAT/SLAH1/BHLH038/ATMT3/ATGLR3.6/ATNRAMP6/AHA11/AtORM1/ATHMA2/NA",31
"GO:0009809","lignin biosynthetic process","12/1210","44/11377",0.272727272727273,2.56431254695718,3.58648061341912,0.00164651567483995,0.026121285133138,0.026121285133138,"PRX52/BGLU46/ATBCB/AtCOMT/CEPR1/ATCAD4/CYP84A1/ABCG29/ATMYB63/PBL15/ATTS02/HCT",12
"GO:0045089","positive regulation of innate immune response","12/1210","44/11377",0.272727272727273,2.56431254695718,3.58648061341912,0.00164651567483995,0.026121285133138,0.026121285133138,"GLIP1/PBL34/NA/LTPG5/AtMLKL1/ATGLR3.6/AtGH3.11/MAPKKK5/HBI1/AtGH3.12/AtCERK1/LecRK-IX.2",12
"GO:0002237","response to molecule of bacterial origin","10/1210","33/11377",0.303030303030303,2.84923616328575,3.66992597163375,0.00166831673838728,0.0261942927068436,0.0261942927068436,"SIK1/SARD1/bZIP65/bZIP21/ATWRKY40/PBL34/LTPG5/MIK2/AtLYK4/AtCERK1",10
"GO:0009867","jasmonic acid mediated signaling pathway","18/1210","81/11377",0.222222222222222,2.08943985307622,3.39448966641171,0.00180042815857716,0.0279801233215614,0.0279801233215614,"AT-SYR1/ATWRKY51/COI1/AtUBP12/AtERF#092/JAZ2/JAO2/AtJAZ1/PPD2/JAZ6/ATGLR3.6/AtGH3.11/GRX480/MTP10/ATTS02/RGLG4/ATNPR1/ARR11",18
"GO:0010876","lipid localization","17/1210","75/11377",0.226666666666667,2.13122865013774,3.39073962106368,0.00190255966149252,0.0292686703480112,0.0292686703480112,"ABCA1/ALA9/ABCA8/ALA4/AtLtpI-6/ABCD1/AtTED4/ABCG11/GLTP/ABCA7/AIT1/ABCA2/LTPG15/LTPG5/GLTP3/ATTS02/ABCG40",17
"GO:0002684","positive regulation of immune system process","12/1210","45/11377",0.266666666666667,2.50732782369146,3.49503681603426,0.00203181189647295,0.0306381140428545,0.0306381140428545,"GLIP1/PBL34/NA/LTPG5/AtMLKL1/ATGLR3.6/AtGH3.11/MAPKKK5/HBI1/AtGH3.12/AtCERK1/LecRK-IX.2",12
"GO:0050778","positive regulation of immune response","12/1210","45/11377",0.266666666666667,2.50732782369146,3.49503681603426,0.00203181189647295,0.0306381140428545,0.0306381140428545,"GLIP1/PBL34/NA/LTPG5/AtMLKL1/ATGLR3.6/AtGH3.11/MAPKKK5/HBI1/AtGH3.12/AtCERK1/LecRK-IX.2",12
"GO:0071395","cellular response to jasmonic acid stimulus","18/1210","82/11377",0.219512195121951,2.06395887925821,3.33564417694099,0.00208260922911567,0.0309570358694763,0.0309570358694763,"AT-SYR1/ATWRKY51/COI1/AtUBP12/AtERF#092/JAZ2/JAO2/AtJAZ1/PPD2/JAZ6/ATGLR3.6/AtGH3.11/GRX480/MTP10/ATTS02/RGLG4/ATNPR1/ARR11",18
"GO:0071446","cellular response to salicylic acid stimulus","13/1210","51/11377",0.254901960784314,2.39671041970507,3.44861130505969,0.00209361437593963,0.0309570358694763,0.0309570358694763,"AT-SYR1/ATWRKY1/bHLH059/NHL25/IBS1/EDR4/UGT76B1/GRX480/MTP10/DHAR2/ATNPR1/ARR11/LecRK-IX.2",13
"GO:0009735","response to cytokinin","19/1210","89/11377",0.213483146067416,2.00727087009007,3.29096938746949,0.00223362474892372,0.0327097162751041,0.0327097162751041,"ARR9/ABIG1/ABCG14/GIS2/ABCB4/PAP7/LBD4/ARR6/AtWIND1/KNAT3/AHK3/CYCD3/ARR2/NA/GIS3/ATEBP/HBI1/ARR11/CIPK3",19
"GO:0031348","negative regulation of defense response","14/1210","58/11377",0.241379310344828,2.26956397834141,3.34391803386144,0.00250048004942744,0.0362498063056698,0.0362498063056698,"AT-SYR1/COI1/BIR1/RAP2.7/WRKY4/CPK28/CBP60a/JAO2/AHL20/BIR2/ATSBT5.2/AtGH3.11/HBI1/ATNPR1",14
"GO:0044282","small molecule catabolic process","30/1210","166/11377",0.180722891566265,1.69924325400777,3.13077039190553,0.00252296747761063,0.0362498063056698,0.0362498063056698,"ACX3/ATPEX10/GAD4/BGAL16/ABCD1/DELTA-OAT/GA2ox9/ATMFP2/CYP707A3/ATCTIMC/LKR/ACX1/NSH3/DLO1/ATPAL2/PMDH2/AT-CDA1/PDH2/CYCLASE2/ATECI1/AtGLYI2/PP2A-2/ACX4/AtDMR6/APM2/ATGSTZ1/UGT71B6/ATMGL/AtBBE23/ATGA2OX4",30
"GO:0010119","regulation of stomatal movement","19/1210","90/11377",0.211111111111111,1.98496786042241,3.23627275392028,0.00255573325728618,0.0363773995406248,0.0363773995406248,"AT-SYR1/ATNHX2/ASMT/AtCOMT/AtIQM1/ATCDPK3/AIT1/APK1B/ARR2/ATPLDDELTA/ATOST1/JK224/CBC1/AtGH3.11/UBC32/ATBBD1/ELF3/ABI1/CARD1",19
"GO:0009062","fatty acid catabolic process","10/1210","35/11377",0.285714285714286,2.68642266824085,3.4470429677107,0.00271735657660216,0.038319759871899,0.038319759871899,"ACX3/ATPEX10/ABCD1/ATMFP2/ACX1/PMDH2/ATECI1/PP2A-2/ACX4/APM2",10
"GO:0031667","response to nutrient levels","34/1210","196/11377",0.173469387755102,1.63104233428909,3.07423648485819,0.00274437190538976,0.0383456735037487,0.0383456735037487,"PHO1;H1/BETA/ANAC100/AtATG18a/BTS/ATSUS4/ATUBC24/CEPR1/ATPAH2/CCT101/FLZ8/ATBOR4/AHK3/ATFRD3/MRF2/ATWRKY75/ASN1/ATWRKY6/BTSL2/LPR1/PHO1;H3/ATPHO1/DIN9/BETA-UP/NA/ATATG18G/BHLH038/ATEBP/ATDUR3/ATMYB2/ATNRAMP6/ATMGL/ATPAP10/ATSPX3",34
"GO:0010817","regulation of hormone levels","32/1210","182/11377",0.175824175824176,1.65318318045591,3.06442998489707,0.00290026581149004,0.0401554984627212,0.0401554984627212,"ARF3/ATPLC2/ALA9/LOG3/ALA4/ABCG14/ABCB4/ASMT/ATLOG1/ATCRY1/BG3/AMI1/BG4/AtCOMT/LOG5/AtIAMT1/BKI1/AtAUX1/DOGT1/EAL1/ATMKK2/AtYUC6/ATCKX5/ATR4/ATIPT3/ABCB19/SPL2/ANT/APM1/RGLG2/ILL6/BAS1",32
"GO:1900425","negative regulation of defense response to bacterium","6/1210","15/11377",0.4,3.76099173553719,3.69125806447971,0.0030656187818129,0.0420624991414508,0.0420624991414508,"WRKY4/CPK28/CBP60a/AHL20/BIR2/ATSBT5.2",6
"GO:0045893","positive regulation of DNA-templated transcription","44/1210","273/11377",0.161172161172161,1.51541791541792,2.97366589645142,0.00319406736272967,0.0430492441897105,0.0430492441897105,"atbzip14/LRP1/ATWRKY1/ATE2FB/NF-YB3/AGL16/ATGRAS2/AtbZIP44/AtMYB79/AtbHLH112/RAP2.1/NA/Dil9-3/AtbZIP5/AT-HSFA4A/GAPC-2/AtERF#100/ATMYB14/ATHSFA2/FHY1/FAR1/OBP3/ARF7/NA/ATHB-16/IBS1/NA/ATGLK1/LHW/ATMYB63/AT3G01472.1/ATHAP5B/ATERF-5/ATBZIP25/ATEBP/TCP2/ATHB-7/ATMYB2/DOF5.6/ATHB29/NA/ATNPR1/HDG2/ATWRKY48",44
"GO:1902680","positive regulation of RNA biosynthetic process","44/1210","273/11377",0.161172161172161,1.51541791541792,2.97366589645142,0.00319406736272967,0.0430492441897105,0.0430492441897105,"atbzip14/LRP1/ATWRKY1/ATE2FB/NF-YB3/AGL16/ATGRAS2/AtbZIP44/AtMYB79/AtbHLH112/RAP2.1/NA/Dil9-3/AtbZIP5/AT-HSFA4A/GAPC-2/AtERF#100/ATMYB14/ATHSFA2/FHY1/FAR1/OBP3/ARF7/NA/ATHB-16/IBS1/NA/ATGLK1/LHW/ATMYB63/AT3G01472.1/ATHAP5B/ATERF-5/ATBZIP25/ATEBP/TCP2/ATHB-7/ATMYB2/DOF5.6/ATHB29/NA/ATNPR1/HDG2/ATWRKY48",44
"GO:0006879","intracellular iron ion homeostasis","8/1210","25/11377",0.32,3.00879338842975,3.46864735160938,0.00330090131687763,0.0437154148313446,0.0437154148313446,"BTS/bHLH105/BTSL1/AtVTL2/ATFRD3/BTSL2/BHLH038/ATNRAMP6",8
"GO:1900150","regulation of defense response to fungus","8/1210","25/11377",0.32,3.00879338842975,3.46864735160938,0.00330090131687763,0.0437154148313446,0.0437154148313446,"WRKY4/JAO2/PBL27/EDR4/BIR2/NA/MAPKKK5/EDR2",8
"GO:0009694","jasmonic acid metabolic process","10/1210","36/11377",0.277777777777778,2.61179981634527,3.34139441359343,0.00341031030634809,0.0447750223842081,0.0447750223842081,"ATST2A/ATMES3/NA/ACX1/AOS/AOC4/MIK2/AtGH3.11/CYP94B1/ILL6",10
"GO:0006720","isoprenoid metabolic process","27/1210","148/11377",0.182432432432432,1.71531717668081,3.02169089247653,0.00352419468907013,0.0458747736021692,0.0458747736021692,"ATNRP1/AtHMGR1/GA2ox9/AtGGPPS11/DXR/AtBAS/CYP707A3/DJC26/AT2353/CLB6/AtCLA1/NA/PDE181/ATNCED5/LBO1/ABA2/FPS1/ATTPS21/GAS2/D14/CYP716A1/ATNCED3/NA/XER/ATCCD1/UGT71B6/ATGA2OX4",27
"GO:0010117","photoprotection","5/1210","11/11377",0.454545454545455,4.27385424492862,3.74751105009875,0.00359806393004023,0.046157081053494,0.046157081053494,"ATCRY1/AtBBX21/ATMGT10/FIB/STZ",5
"GO:0006865","amino acid transport","13/1210","54/11377",0.240740740740741,2.26355984083257,3.21072423217626,0.00360649549925528,0.046157081053494,0.046157081053494,"ATPROT1/ATGDU2/NA/NA/UMAMIT20/AtAUX1/AtCAT2/AAP7/ATCAT6/NA/GDU1/UMAMIT14/AtGDU4",13
"GO:0006970","response to osmotic stress","64/1210","432/11377",0.148148148148148,1.39295990205081,2.87258767250462,0.00366549591380243,0.0465212523060092,0.0465212523060092,"AtREM4.2/AHK1/bHLH106/ATKEA3/ATNRP1/ATBT2/bHLH059/ATPIMT1/ATHKT1/ATMBAC2/ASMT/AtATG18a/AL5/DELTA-OAT/AtbHLH112/SNRK2-3/ABCG11/SLT1/Dil9-3/RHA2A/RD19/AtCOMT/NSL1/ADAP/AtWIND1/ALDH10A8/AOD13/WRKY4/ERD7/AZF1/ANNAT4/AHK3/FHY1/AtSAC9/ATM4/CAMTA6/AtTPPD/CBNAC/ATMKK2/AIRP2/ATHVA22E/ADC2/ATWRKY57/NA/ATOST1/PDH2/AT3G01472.1/SLAH1/t5ptase9/NA/SNRK2-8/BCHA1/SIBP1/DAISY/ATMYB2/AtSGF29a/ATNCED3/AATP1/XER/UGT71B6/ATLACS7/ANAC042/PP2C49/STZ",64
